<?xml version="1.0"?>
<!--
/**
 * @author Amasty Team
 * @copyright Copyright (c) Amasty (https://www.amasty.com)
 * @package Cross Linking for Magento 2
 */-->
<config xmlns:xsi="http://www.w3.org/2001/XMLSchema-instance"
        xsi:noNamespaceSchemaLocation="urn:magento:framework:Acl/etc/acl.xsd">
    <acl>
        <resources>
            <resource id="Magento_Backend::admin">
                <resource id="Magento_Backend::marketing">
                    <resource id="Amasty_CrossLinks::seo" title="Amasty: Seo Cross Linking" sortOrder="30" />
                </resource>
                <resource id="Magento_Backend::stores">
                    <resource id="Magento_Backend::stores_settings">
                        <resource id="Magento_Config::config">
                            <resource id="Amasty_CrossLinks::config" title="Amasty: Seo Cross Linking Config" sortOrder="11318" />
                        </resource>
                    </resource>
                </resource>
            </resource>
        </resources>
    </acl>
</config>