<?xml version="1.0"?>
<!--
/**
 * @author Amasty Team
 * @copyright Copyright (c) Amasty (https://www.amasty.com)
 * @package Cross Linking for Magento 2
 */-->
<config xmlns:xsi="http://www.w3.org/2001/XMLSchema-instance" xsi:noNamespaceSchemaLocation="urn:magento:framework:ObjectManager/etc/config.xsd">
    <preference for="Amasty\CrossLinks\Api\LinkInterface" type="Amasty\CrossLinks\Model\Link" />
    <preference for="Amasty\CrossLinks\Api\LinkRepositoryInterface" type="Amasty\CrossLinks\Model\LinkRepository" />

    <type name="Amasty\CrossLinks\Model\Source\ProductReplacementAttributes">
        <arguments>
            <argument name="allowedAttributeCodes" xsi:type="array">
                <item name="description" xsi:type="string">description</item>
                <item name="short_description" xsi:type="string">short_description</item>
            </argument>
        </arguments>
    </type>

    <type name="Amasty\CrossLinks\Model\Source\CategoryReplacementAttributes">
        <arguments>
            <argument name="allowedAttributeCodes" xsi:type="array">
                <item name="description" xsi:type="string">description</item>
                <item name="short_description" xsi:type="string">short_description</item>
            </argument>
        </arguments>
    </type>

    <type name="Amasty\Base\Plugin\Setup\Model\DeclarationInstaller\ApplyPatchesBeforeDeclarativeSchema">
        <arguments>
            <argument name="moduleNames" xsi:type="array">
                <item name="amasty_cross_links" xsi:type="string">Amasty_CrossLinks</item>
            </argument>
        </arguments>
    </type>

    <type name="Amasty\CrossLinks\Model\LinkType\LinkProcessorProvider">
        <arguments>
            <argument name="linkTypes" xsi:type="array">
                <item name="category" xsi:type="array">
                    <item name="typeCode" xsi:type="const">Amasty\CrossLinks\Model\Source\ReferenceType::REFERENCE_TYPE_CATEGORY</item>
                    <item name="processor" xsi:type="object">Amasty\CrossLinks\Model\LinkType\Processor\CategoryLinkProcessor</item>
                </item>
                <item name="product" xsi:type="array">
                    <item name="typeCode" xsi:type="const">Amasty\CrossLinks\Model\Source\ReferenceType::REFERENCE_TYPE_PRODUCT</item>
                    <item name="processor" xsi:type="object">Amasty\CrossLinks\Model\LinkType\Processor\ProductLinkProcessor</item>
                </item>
                <item name="custom" xsi:type="array">
                    <item name="typeCode" xsi:type="const">Amasty\CrossLinks\Model\Source\ReferenceType::REFERENCE_TYPE_CUSTOM</item>
                    <item name="processor" xsi:type="object">Amasty\CrossLinks\Model\LinkType\Processor\CustomLinkProcessor</item>
                </item>
            </argument>
        </arguments>
    </type>
</config>
