<?xml version="1.0"?>
<!--
/**
 * @author Amasty Team
 * @copyright Copyright (c) Amasty (https://www.amasty.com)
 * @package Magento 2 Base Package
 */-->
<config xmlns:xsi="http://www.w3.org/2001/XMLSchema-instance" xsi:noNamespaceSchemaLocation="urn:magento:module:Magento_Config:etc/system_file.xsd">
    <system>
        <tab id="amasty" translate="label" sortOrder="999999" class="amasty-tab ambase-tab-container">
            <label>Amasty Extensions</label>
        </tab>
        <section id="amasty_products" translate="label" sortOrder="50" type="am_base_section" showInDefault="1"
                 showInWebsite="1" showInStore="1">
            <label><![CDATA[Products]]></label>
            <tab>amasty</tab>
            <resource>Amasty_Base::config</resource>
            <group id="instance_registration_messages" type="text" showInDefault="1" showInWebsite="0" showInStore="0">
                <frontend_model>Amasty\Base\Block\Adminhtml\InstanceRegistrationMessages</frontend_model>
            </group>
            <group id="instance_registration" translate="label" type="text" sortOrder="3" showInDefault="1"
                   showInWebsite="0" showInStore="0">
                <label>Instance Registration</label>
                <fieldset_css>am-instance-registration</fieldset_css>
                <attribute type="expanded">1</attribute>
                <frontend_model>Amasty\Base\Block\Adminhtml\InstanceRegistration</frontend_model>
                <field id="production_mode" translate="label comment" type="select" sortOrder="10" showInDefault="1"
                       showInWebsite="0" showInStore="0">
                    <label>Production Environment</label>
                    <tooltip>Use this setting to indicate whether the Magento instance is configured for a production or development environment.</tooltip>
                    <source_model>Magento\Config\Model\Config\Source\Yesno</source_model>
                    <config_path>amasty_base/instance_registration/production_mode</config_path>
                </field>
                <field id="license_registration" translate="label comment" sortOrder="20" showInDefault="1"
                       showInWebsite="0" showInStore="0">
                    <label>License Registration</label>
                    <comment><![CDATA[In case you have any questions regarding the license registration process, refer to this detailed <a href="https://support.amasty.com/portal/en/kb/articles/i-see-messages-in-my-account-and-admin-area-that-license-registration-is-required-what-should-i-do" target="_blank">instruction</a>.]]></comment>
                    <frontend_model>Amasty\Base\Block\Adminhtml\System\Config\Form\Field\LicenseKeys</frontend_model>
                    <backend_model>Amasty\Base\Model\Config\Backend\Serialized\LicenseRegistrationArraySerialized</backend_model>
                    <config_path>amasty_base/instance_registration/license_registration</config_path>
                </field>
                <field id="system_instance_key" translate="label comment" sortOrder="30" showInDefault="1"
                       showInWebsite="0" showInStore="0">
                    <label>System Instance Key</label>
                    <comment><![CDATA[
                        System Instance Key is required in case of contacting support service.
                        Please enter this key in the corresponding field when submitting a request.
                    ]]></comment>
                    <frontend_model>Amasty\Base\Block\Adminhtml\System\Config\Form\Field\SystemInstanceKey</frontend_model>
                    <backend_model>Amasty\Base\Model\Config\Backend\SystemInstanceKey</backend_model>
                </field>
            </group>
            <group id="extensions" translate="label" type="text" sortOrder="5" showInDefault="1" showInWebsite="0"
                   showInStore="0">
                <label>Installed Extensions</label>
                <frontend_model>Amasty\Base\Block\Adminhtml\Extensions</frontend_model>
            </group>
        </section>
        <section id="amasty_base" translate="label" type="text" sortOrder="100" showInDefault="1" showInWebsite="1"
                 showInStore="1">
            <label><![CDATA[Settings & Notifications]]></label>
            <tab>amasty</tab>
            <resource>Amasty_Base::config</resource>
            <group id="notifications" translate="label" type="text" sortOrder="10" showInDefault="1" showInWebsite="0"
                   showInStore="0">
                <label>Notifications</label>
                <field id="frequency" translate="label" type="select" sortOrder="10" showInDefault="1"
                       showInWebsite="1" showInStore="1">
                    <label>Update Frequency</label>
                    <source_model>Amasty\Base\Model\Source\Frequency</source_model>
                </field>
                <field id="type" translate="label" type="multiselect" sortOrder="20" showInDefault="1"
                       showInWebsite="1" showInStore="1">
                    <label>I want to Receive Notifications about:</label>
                    <source_model>Amasty\Base\Model\Source\NotificationType</source_model>
                    <backend_model>Amasty\Base\Model\Config\Backend\Unsubscribe</backend_model>
                    <can_be_empty>1</can_be_empty>
                </field>
                <field id="ads_enable" translate="label" type="select" sortOrder="30" showInDefault="1" showInWebsite="1" showInStore="1">
                    <label>Enable Feature Suggestions in Config</label>
                    <source_model>Magento\Config\Model\Config\Source\Yesno</source_model>
                </field>
                <field id="enable_license_notifications" translate="label comment" type="select" sortOrder="40" showInDefault="1" showInWebsite="0" showInStore="0">
                    <label>Enable License Notifications</label>
                    <source_model>Magento\Config\Model\Config\Source\Yesno</source_model>
                    <comment>Disable this setting to remove Magento system notifications about license state once all the installed Amasty products are registered.</comment>
                </field>
            </group>

            <group id="menu" translate="label" type="text" sortOrder="20" showInDefault="1" showInWebsite="0"
                   showInStore="0">
                <label>Menu</label>
                <field id="enable" translate="label" type="select" sortOrder="10" showInDefault="1"
                       showInWebsite="0" showInStore="0">
                    <label>Enable Amasty Menu Item</label>
                    <source_model>Magento\Config\Model\Config\Source\Yesno</source_model>
                    <backend_model>Amasty\Base\Model\Config\Backend\Menu</backend_model>
                </field>
                <frontend_model>Amasty\Base\Block\MenuGroup</frontend_model>
            </group>

            <group id="information" translate="label" type="text" sortOrder="30" showInDefault="1" showInWebsite="0"
                   showInStore="0">
                <label>System Information</label>
                <frontend_model>Amasty\Base\Block\Info</frontend_model>
            </group>
            <group id="system" translate="label" type="text" sortOrder="40" showInDefault="1" showInWebsite="0" showInStore="0">
                <label>System Settings</label>
                <field id="cli_php_path" translate="label comment" type="note" showInDefault="1" showInWebsite="0" showInStore="0">
                    <label>CLI PHP Path</label>
                    <comment>Current CLI PHP path of your Magento which is used by our extension when running the commands directly during the processing of PHP requests. To change it, please run bin/magento config:set amasty_base/system/cli_php_path %CLI_PHP_PATH% from the command line.</comment>
                    <frontend_model>Amasty\Base\Block\Adminhtml\System\Config\CliPhpPath</frontend_model>
                </field>
            </group>
        </section>
        <section id="amasty_get_support" translate="label" type="am_base_section" sortOrder="150" showInDefault="1" showInWebsite="1"
                 showInStore="1">
            <label>Get Support</label>
            <tab>amasty</tab>
            <resource>Amasty_Base::get_support</resource>
            <group id="support_plan" translate="label" type="text" sortOrder="10" showInDefault="1" showInWebsite="1"
                   showInStore="1">
                <frontend_model>Amasty\Base\Block\Adminhtml\GetSupport</frontend_model>
            </group>
        </section>
    </system>
</config>
