<?xml version="1.0"?>
<!--
/**
 * @author Amasty Team
 * @copyright Copyright (c) Amasty (https://www.amasty.com)
 * @package Shipping Areas for Magento 2 (System)
 */-->
<config xmlns:xsi="http://www.w3.org/2001/XMLSchema-instance"
        xsi:noNamespaceSchemaLocation="urn:magento:framework:Acl/etc/acl.xsd">
    <acl>
        <resources>
            <resource id="Magento_Backend::admin">
                <resource id="Magento_Sales::sales">
                    <resource id="Magento_Sales::sales_operation">
                        <resource id="Amasty_ShippingArea::shipping_area" title="Amasty Shipping Areas" sortOrder="89"/>
                    </resource>
                </resource>
            </resource>
        </resources>
    </acl>
</config>