<?xml version="1.0"?>
<!--
/**
 * @author Amasty Team
 * @copyright Copyright (c) Amasty (https://www.amasty.com)
 * @package Shipping Areas for Magento 2 (System)
 */-->
<schema xmlns:xsi="http://www.w3.org/2001/XMLSchema-instance" xsi:noNamespaceSchemaLocation="urn:magento:framework:Setup/Declaration/Schema/etc/schema.xsd">
  <table name="amasty_shipping_area" resource="default" engine="innodb" comment="Shipping Areas by Amasty (Set of address conditions)">
    <column xsi:type="int" name="area_id" padding="10" unsigned="true" nullable="false" identity="true" comment="ID"/>
    <column xsi:type="varchar" name="name" nullable="false" length="255" comment="Name"/>
    <column xsi:type="varchar" name="description" nullable="true" length="255" comment="Description"/>
    <column xsi:type="boolean" name="is_enabled" nullable="false" comment="Is_enabled"/>
    <column xsi:type="int" name="country_condition" padding="11" unsigned="false" nullable="false" identity="false" default="0" comment="Country_condition"/>
    <column xsi:type="text" name="country_set" nullable="true" comment="Country_set"/>
    <column xsi:type="int" name="state_condition" padding="11" unsigned="false" nullable="false" identity="false" default="0" comment="State_condition"/>
    <column xsi:type="text" name="state_set" nullable="true" comment="State_set"/>
    <column xsi:type="int" name="city_condition" padding="11" unsigned="false" nullable="false" identity="false" default="0" comment="City_condition"/>
    <column xsi:type="text" name="city_set" nullable="true" comment="City_set"/>
    <column xsi:type="int" name="postcode_condition" padding="11" unsigned="false" nullable="false" identity="false" default="0" comment="Postcode_condition"/>
    <column xsi:type="text" name="postcode_set" nullable="true" comment="Postcode_set"/>
    <column xsi:type="int" name="address_condition" padding="11" unsigned="false" nullable="false" identity="false" default="0" comment="Address_condition"/>
    <column xsi:type="text" name="address_set" nullable="true" comment="Address_set"/>
    <column xsi:type="text" name="state_set_listing" nullable="true" comment="State_set_listing"/>
    <constraint xsi:type="primary" referenceId="PRIMARY">
      <column name="area_id"/>
    </constraint>
  </table>
</schema>
